index,name
1,HotDollarsToken
2,CareerOnToken
3,CareerOnToken
4,PHO
5,TTC
6,ChannelWallet
7,AccountWallet
8,YFT
9,XLToken
10,DocumentSigner
11,ForTheBlockchain
12,Grand
13,BitCash
14,SaveWon
15,MD
16,ExclusivePlatform
17,AZT
18,_Yesbuzz
19,ethBank
20,RampInstantEthPool
21,StableDEX
22,MindsyncPlatform
23,AGR
24,FomoFeast
25,WhiteBetting
26,UBBCToken
27,DanPanCoin
28,HYDROGEN
29,RaffleTokenExchange
30,SKYBITToken
31,FeeTransactionManager
32,AsseteGram
33,Staking
34,LollypopToken
35,BitpayerDEX
36,MindsyncPlatform
37,AugustCoin
38,BIGBOMBv2
39,TAMCContract
40,SimpleSwapCoin
41,AO
42,Staking
43,Post
44,Feed
45,StockBet
46,ProofOfExistence
47,AcunarIEO
48,QurasToken
49,TAMC
50,digitalNotary
